{"cameraMode":{"drawMode":0,"name":"Shaded","section":"Shading Mode"},"sceneLighting":true,"audioPlay":false,"sceneViewState":{"m_AlwaysRefresh":false,"showFog":true,"showSkybox":true,"showFlares":true,"showImageEffects":true,"showParticleSystems":true,"showVisualEffectGraphs":true,"m_FxEnabled":true},"in2DMode":false,"pivot":{"x":14.094265937805176,"y":31.601573944091798,"z":-0.19999980926513673},"rotation":{"x":0.13522449135780335,"y":-0.6593261957168579,"z":0.12222006916999817,"w":0.7293634414672852},"size":0.6232560276985169,"orthographic":false}