{"cameraMode":{"drawMode":0,"name":"Shaded","section":"Shading Mode"},"sceneLighting":true,"audioPlay":false,"sceneViewState":{"m_AlwaysRefresh":false,"showFog":true,"showSkybox":true,"showFlares":true,"showImageEffects":true,"showParticleSystems":true,"showVisualEffectGraphs":true,"m_FxEnabled":true},"in2DMode":false,"pivot":{"x":-4.168154716491699,"y":19.627286911010743,"z":0.16025550663471223},"rotation":{"x":0.17282742261886598,"y":-0.6221461296081543,"z":0.14197556674480439,"w":0.7502052187919617},"size":0.5952094793319702,"orthographic":false}