{"cameraMode":{"drawMode":0,"name":"Shaded","section":"Shading Mode"},"sceneLighting":true,"audioPlay":false,"sceneViewState":{"m_AlwaysRefresh":false,"showFog":true,"showSkybox":true,"showFlares":true,"showImageEffects":true,"showParticleSystems":true,"showVisualEffectGraphs":true,"m_FxEnabled":true},"in2DMode":false,"pivot":{"x":-8.981826782226563,"y":27.209171295166017,"z":-11.107117652893067},"rotation":{"x":0.19531337916851045,"y":-0.5222526788711548,"z":0.12328492105007172,"w":0.8208591938018799},"size":0.2947852909564972,"orthographic":false}