{"cameraMode":{"drawMode":0,"name":"Shaded","section":"Shading Mode"},"sceneLighting":true,"audioPlay":false,"sceneViewState":{"m_AlwaysRefresh":false,"showFog":true,"showSkybox":true,"showFlares":true,"showImageEffects":true,"showParticleSystems":true,"showVisualEffectGraphs":true,"m_FxEnabled":true},"in2DMode":false,"pivot":{"x":23.585647583007814,"y":35.72300720214844,"z":3.2571604251861574},"rotation":{"x":0.17185749113559724,"y":-0.7212663888931274,"z":0.1928725391626358,"w":0.6426061987876892},"size":0.8660253882408142,"orthographic":false}